{
  "resourceType": "Patient",
  "id": "935cd049-ba7b-425f-8cde-d3abf0ee6071",
  "meta": {
    "profile": [
      "http://standardhealthrecord.org/fhir/StructureDefinition/shr-entity-Patient"
    ]
  },
  "text": {
    "status": "generated",
    "div": "<div xmlns=\"http://www.w3.org/1999/xhtml\">Generated by <a href=\"https://github.com/synthetichealth/synthea\">Synthea</a>.Version identifier: v2.2.0-20-g728fede5\n .   Person seed: -6482597661954914725  Population seed: 1538603781453</div>"
  },
  "extension": [{
      "url": "http://hl7.org/fhir/us/core/StructureDefinition/us-core-race",
      "extension": [{
          "url": "ombCategory",
          "valueCoding": {
            "system": "urn:oid:2.16.840.1.113883.6.238",
            "code": "2106-3",
            "display": "White"
          }
        },
        {
          "url": "text",
          "valueString": "White"
        }
      ]
    },
    {
      "url": "http://hl7.org/fhir/us/core/StructureDefinition/us-core-ethnicity",
      "extension": [{
          "url": "ombCategory",
          "valueCoding": {
            "system": "urn:oid:2.16.840.1.113883.6.238",
            "code": "2186-5",
            "display": "Not Hispanic or Latino"
          }
        },
        {
          "url": "text",
          "valueString": "Not Hispanic or Latino"
        }
      ]
    },
    {
      "url": "http://hl7.org/fhir/StructureDefinition/patient-mothersMaidenName",
      "valueString": "Page791 Deckow585"
    },
    {
      "url": "http://hl7.org/fhir/us/core/StructureDefinition/us-core-birthsex",
      "valueCode": "F"
    },
    {
      "url": "http://hl7.org/fhir/StructureDefinition/birthPlace",
      "valueAddress": {
        "city": "North Attleborough",
        "state": "Massachusetts",
        "country": "US"
      }
    },
    {
      "url": "http://standardhealthrecord.org/fhir/StructureDefinition/shr-actor-FictionalPerson-extension",
      "valueBoolean": true
    },
    {
      "url": "http://standardhealthrecord.org/fhir/StructureDefinition/shr-entity-FathersName-extension",
      "valueHumanName": {
        "text": "Jimmie93 Bayer639"
      }
    },
    {
      "url": "http://standardhealthrecord.org/fhir/StructureDefinition/shr-demographics-SocialSecurityNumber-extension",
      "valueString": "999-12-7809"
    },
    {
      "url": "http://standardhealthrecord.org/fhir/StructureDefinition/shr-entity-Person-extension",
      "valueReference": {
        "reference": "urn:uuid:c4afed89-06a1-46f8-9732-57c49e0a40e7"
      }
    },
    {
      "url": "http://synthetichealth.github.io/synthea/disability-adjusted-life-years",
      "valueDecimal": 0
    },
    {
      "url": "http://synthetichealth.github.io/synthea/quality-adjusted-life-years",
      "valueDecimal": 9
    }
  ],
  "identifier": [{
      "system": "https://github.com/synthetichealth/synthea",
      "value": "4480d762-f8c4-4691-bbe9-3dabe66496eb"
    },
    {
      "type": {
        "coding": [{
          "system": "http://hl7.org/fhir/v2/0203",
          "code": "MR",
          "display": "Medical Record Number"
        }],
        "text": "Medical Record Number"
      },
      "system": "http://hospital.smarthealthit.org",
      "value": "4480d762-f8c4-4691-bbe9-3dabe66496eb"
    },
    {
      "type": {
        "coding": [{
          "system": "http://hl7.org/fhir/identifier-type",
          "code": "SB",
          "display": "Social Security Number"
        }],
        "text": "Social Security Number"
      },
      "system": "http://hl7.org/fhir/sid/us-ssn",
      "value": "999-12-7809"
    }
  ],
  "name": [{
    "use": "official",
    "family": "Srivastava",
    "given": [
      "Navneet"
    ]
  }],
  "telecom": [{
    "system": "phone",
    "value": "555-268-3668",
    "use": "home"
  }],
  "gender": "male",
  "birthDate": "2008-10-13",
  "address": [{
    "extension": [{
      "url": "http://hl7.org/fhir/StructureDefinition/geolocation",
      "extension": [{
          "url": "latitude",
          "valueDecimal": 42.15620300000001
        },
        {
          "url": "longitude",
          "valueDecimal": -71.43034499999997
        }
      ]
    }],
    "line": [
      "842 Hoppe Burg"
    ],
    "city": "Medway",
    "state": "Massachusetts",
    "postalCode": "02053",
    "country": "US"
  }],
  "maritalStatus": {
    "coding": [{
      "system": "http://hl7.org/fhir/v3/MaritalStatus",
      "code": "S",
      "display": "Never Married"
    }],
    "text": "Never Married"
  },
  "multipleBirthBoolean": false,
  "communication": [{
    "language": {
      "coding": [{
        "system": "urn:ietf:bcp:47",
        "code": "en-US",
        "display": "English"
      }],
      "text": "English"
    }
  }]
}
